0,1,2,3,4,5,6,7,8,9,10,11,12,13,14,15,16,17,18,19
18843437,GGHB,190704.0,2019-07-04 07:32:00,1183-Trfc Collision-Unkn Inj,Sr4 W / Bailey Rd N Ofr,Contra Costa,,,38.019101,-121.937152,4.0,13.0,,4.0,W,R20.379,20.036,,66.0
18869654,GGHB,190717.0,2019-07-17 07:18:00,1125-Traffic Hazard,I880 N / 5th Ave Ofr,Oakland,,,37.789339,-122.254281,4.0,1.0,53000.0,880.0,N,30.273,40.5,,95.0
18896196,GGHB,190729.0,2019-07-29 08:53:00,1179-Trfc Collision-1141 Enrt,SR4 W / PORT CHICAGO HWY OFR,Contra Costa,,,38.010708,-122.017546,4.0,13.0,16000.0,4.0,W,R15.75,15.413,,173.0
15484408,GGHB,150113.0,2015-01-13 08:28:00,1125-Traffic Hazard,I580 W Fruitvale Ave Onr / Fruitvale Ave,GGFSP,,,37.798666,-122.216921,4.0,1.0,53000.0,580.0,W,,57.7,,45.0
15509274,GGHB,150127.0,2015-01-27 07:17:00,1183-Trfc Collision-Unkn Inj,I580 W / I680 S I580 W Con,Hayward FSP,,,37.700288,-121.926466,4.0,1.0,57792.0,580.0,W,,37.1,,55.0
15509275,GGHB,150127.0,2015-01-27 07:14:00,1183-Trfc Collision-Unkn Inj,I580 W / I680 S I580 W Con,Dublin,,,37.700288,-121.926466,4.0,1.0,57792.0,580.0,W,,37.1,,66.0
15108796,GGHB,140703.0,2014-07-03 08:41:00,1179-Trfc Collision-1141 Enrt,I880 N / I880 N 98th Ave E Onr,Oakland,,,37.73255,-122.189129,4.0,1.0,53000.0,880.0,N,,35.0,,101.0
15108807,GGHB,140703.0,2014-07-03 08:47:00,1179-Trfc Collision-1141 Enrt,I880 N / I880 N 98th Ave E Onr,Oakland FSP,,,37.73255,-122.189129,4.0,1.0,53000.0,880.0,N,,35.0,,79.0
15149341,GGHB,140724.0,2014-07-24 08:43:00,20002-Hit and Run No Injuries,I880 N / I880 N 66th Ave Onr,Oakland FSP,,,37.757649,-122.211208,4.0,1.0,53000.0,880.0,N,,37.1,,79.0
17639847,GGHB,171206.0,2017-12-06 07:17:00,1179-Trfc Collision-1141 Enrt,Sr4 W / Loveridge Rd Ofr,Contra Costa FSP,,,38.011887,-121.867171,4.0,13.0,57456.0,4.0,W,24.307,23.924,,46.0
17646730,GGHB,171209.0,2017-12-09 07:36:00,1183-Trfc Collision-Unkn Inj,I80 W / Carlson Blvd Ofr,Oakland,,,37.914584,-122.317505,4.0,13.0,60620.0,80.0,W,1.254,14.6,,152.0
17656965,GGHB,171214.0,2017-12-14 08:16:00,1183-Trfc Collision-Unkn Inj,I580 W / Strobridge Ave Ofr,Hayward FSP,,,37.69088,-122.084811,4.0,1.0,,580.0,W,30.306,46.2,,1352.0
17682255,GGHB,171227.0,2017-12-27 07:49:00,1183-Trfc Collision-Unkn Inj,I680 S / Sr24 W I680 N Con,Contra Costa,,,37.908558,-122.068713,4.0,13.0,83346.0,680.0,S,15.055,46.565,,96.0
17720342,GGHB,180116.0,2018-01-16 07:22:00,1183-Trfc Collision-Unkn Inj,Us101 S / Cesar Chavez St Ofr,San Francisco,,,37.752501,-122.402997,4.0,75.0,67000.0,101.0,S,3.269,431.6,,106.0
17733365,GGHB,180123.0,2018-01-23 08:19:00,1179-Trfc Collision-1141 Enrt,Sr242 S / Concord Ave Ofr,Contra Costa FSP,,,37.983275,-122.041624,4.0,13.0,16000.0,242.0,S,R1.741,2.0,,40.0
17749497,GGHB,180131.0,2018-01-31 07:59:00,1125-Traffic Hazard,I580 W / Grand Ave,Castro Valley,,,37.722247,-122.135554,4.0,1.0,68084.0,580.0,W,R34.086,50.0,,40.0
15227502,GGHB,140902.0,2014-09-02 07:42:00,1179-Trfc Collision-1141 Enrt,Sr4 W / Willow Pass Rd Oc - Concord Side,Contra Costa,,,38.014183,-121.996966,4.0,13.0,16000.0,4.0,W,,16.7,,113.0
15227558,GGHB,140902.0,2014-09-02 08:04:00,1183-Trfc Collision-Unkn Inj,Us101 S / Us101 S Cesar Chavez St Ofr,San Francisco FSP,,,37.752501,-122.402997,4.0,75.0,67000.0,101.0,S,,431.6,,68.0
15036211,GGHB,140527.0,2014-05-27 08:07:00,1183-Trfc Collision-Unkn Inj,Sr24 W / Sr24 W Acalanes Rd Ofr,Contra Costa FSP,,,37.891793,-122.151758,4.0,13.0,39122.0,24.0,W,,8.9,,43.0
17816649,GGHB,180305.0,2018-03-05 08:37:00,1125-Traffic Hazard,I80 W / Sfobb Toll Plaza Ofr,Oakland,,,37.825388,-122.304799,4.0,1.0,53000.0,80.0,W,2.49,7.8,,98.0
17832355,GGHB,180313.0,2018-03-13 08:22:00,1125-Traffic Hazard,I680 S / Treat Blvd Ofr,Contra Costa FSP,,,37.932715,-122.060323,4.0,13.0,83346.0,680.0,S,16.797,48.324,,199.0
17832356,GGHB,180313.0,2018-03-13 08:20:00,1125-Traffic Hazard,I680 S / Treat Blvd Ofr,Contra Costa,,,37.932715,-122.060323,4.0,13.0,83346.0,680.0,S,16.797,48.324,,82.0
17849309,GGHB,180321.0,2018-03-21 07:33:00,1125-Traffic Hazard,I580 W / Golf Links Rd Ofr,Oakland FSP,,,37.7506,-122.151478,4.0,1.0,53000.0,580.0,W,R36.286,52.2,,55.0
17851913,GGHB,180322.0,2018-03-22 08:00:00,1125A-Animal Hazard,I880 N / Hegenberger Rd Ofr,Oakland,,,37.737337,-122.193328,4.0,1.0,53000.0,880.0,N,25.173,35.4,,919.0
17862162,GGHB,180327.0,2018-03-27 07:59:00,1183-Trfc Collision-Unkn Inj,I680 S / Treat Blvd E Onr,Contra Costa,,,37.923282,-122.061272,4.0,13.0,83346.0,680.0,S,16.193,47.694,,33.0
16990118,GGHB,170203.0,2017-02-03 07:18:00,1183-Trfc Collision-Unkn Inj,Sr4 W / Loveridge Rd Onr,Contra Costa FSP,,,38.012924,-121.871506,4.0,13.0,57456.0,4.0,W,24.048,23.665,,54.0
16996197,GGHB,170206.0,2017-02-06 08:24:00,1179-Trfc Collision-1141 Enrt,Sr4 W / Bailey Rd N Ofr,Contra Costa FSP,,,38.019101,-121.937152,4.0,13.0,,4.0,W,R20.379,20.036,,38.0
17023592,GGHB,170218.0,2017-02-18 07:43:00,1125-Traffic Hazard,Sr4 W / San Marco Blvd N Onr,Contra Costa,,,38.023255,-121.966585,4.0,13.0,,4.0,W,R18.709,18.391,,483.0
17034411,GGHB,170223.0,2017-02-23 08:57:00,1179-Trfc Collision-1141 Enrt,Sr4 W / Bailey Rd N Ofr,Contra Costa,,,38.019101,-121.937152,4.0,13.0,,4.0,W,R20.379,20.036,,380.0
18382335,GGHB,181128.0,2018-11-28 08:13:00,1183-Trfc Collision-Unkn Inj,I680 S / Treat Blvd Ofr,Contra Costa FSP,,,37.932715,-122.060323,4.0,13.0,83346.0,680.0,S,16.797,48.324,,58.0
18382336,GGHB,181128.0,2018-11-28 08:12:00,1183-Trfc Collision-Unkn Inj,I680 S / Treat Blvd Ofr,Contra Costa,,,37.932715,-122.060323,4.0,13.0,83346.0,680.0,S,16.797,48.324,,93.0
18385177,GGHB,181129.0,2018-11-29 08:22:00,1125-Traffic Hazard,I80 W / The Embarcadero Uc,San Francisco,,,37.789244,-122.387619,4.0,75.0,67000.0,80.0,W,5.94,2.4,,87.0
17503068,GGHB,171003.0,2017-10-03 07:55:00,1179-Trfc Collision-1141 Enrt,I580 W / 14th Ave Ofr,Oakland,,,37.800109,-122.224708,4.0,1.0,53000.0,580.0,W,R42.122,58.2,,159.0
17505279,GGHB,171004.0,2017-10-04 08:01:00,1179-Trfc Collision-1141 Enrt,Sr4 W / Harbor St Ofr,Contra Costa,,,38.013977,-121.876289,4.0,13.0,57456.0,4.0,W,23.753,23.37,,349.0
17505321,GGHB,171004.0,2017-10-04 08:18:00,1179-Trfc Collision-1141 Enrt,I680 S / I680 S Monument Blvd Onr,Contra Costa,,,37.941058,-122.060183,4.0,13.0,57764.0,680.0,S,R17.358,48.913,,70.0
17505377,GGHB,171004.0,2017-10-04 08:36:00,1179-Trfc Collision-1141 Enrt,I680 S / I680 S Monument Blvd Onr,Contra Costa FSP,,,37.941058,-122.060183,4.0,13.0,57764.0,680.0,S,R17.358,48.913,,39.0
17509958,GGHB,171006.0,2017-10-06 08:45:00,1182-Trfc Collision-No Inj,I880 N / 5th Ave Ofr,Oakland,,,37.789339,-122.254281,4.0,1.0,53000.0,880.0,N,30.273,40.5,,34.0
17518628,GGHB,171010.0,2017-10-10 07:55:00,1182-Trfc Collision-No Inj,Sr242 S I680 S Con / Gregory Ln Ofr,Contra Costa,,,37.956956,-122.053305,4.0,13.0,16000.0,242.0,S,L0.2,0.2,,31.0
17536014,GGHB,171018.0,2017-10-18 07:09:00,1183-Trfc Collision-Unkn Inj,US101 S / CESAR CHAVEZ ST OFR,San Francisco FSP,,,37.752501,-122.402997,4.0,75.0,67000.0,101.0,S,3.269,431.6,,121.0
17556448,GGHB,171027.0,2017-10-27 07:54:00,1179-Trfc Collision-1141 Enrt,I80 W / Gilman St Ofr,Oakland,,,37.881911,-122.308246,4.0,1.0,6000.0,80.0,W,6.79,12.1,,68.0
16607844,GGHB,160808.0,2016-08-08 08:26:00,CFIRE-Car Fire,I680 S / N MAIN ST OFR,Contra Costa,,,37.920636,-122.062281,4.0,13.0,83346.0,680.0,S,16.002,47.508,,58.0
16614112,GGHB,160811.0,2016-08-11 07:24:00,1125-Traffic Hazard,I580 W,Castro Valley,,,37.693936,-122.049284,4.0,1.0,,580.0,W,R28.168,44.2,,55.0
16627287,GGHB,160817.0,2016-08-17 08:43:00,1183-Trfc Collision-Unkn Inj,Sr4 W / Railroad Ave Onr,Contra Costa,,,38.018567,-121.895066,4.0,13.0,,4.0,W,22.743,22.348,,45.0
16642150,GGHB,160824.0,2016-08-24 08:49:00,1179-Trfc Collision-1141 Enrt,Sr24 W / Acalanes Rd Ofr,Contra Costa FSP,,,37.891793,-122.151758,4.0,13.0,39122.0,24.0,W,R4.552,8.9,,36.0
16362318,GGHB,160412.0,2016-04-12 08:07:00,1183-Trfc Collision-Unkn Inj,I880 N / I980,Oakland,,,37.799045,-122.276034,4.0,1.0,53000.0,880.0,N,31.673,41.9,,192.0
16374426,GGHB,160418.0,2016-04-18 08:59:00,1183-Trfc Collision-Unkn Inj,I880 N / 7th St Ofr,Oakland,,,37.803888,-122.301972,4.0,1.0,53000.0,880.0,N,R33.173,43.4,,88.0
15575430,GGHB,150303.0,2015-03-03 07:54:00,1182-Trfc Collision-No Inj,I880 N / I880 N Coliseum Wy Onr,Oakland,,,37.771819,-122.223728,4.0,1.0,53000.0,880.0,N,,38.3,,52.0
16062103,GGHB,151103.0,2015-11-03 08:34:00,1183-Trfc Collision-Unkn Inj,I80 W / Gilman St Ofr,Oakland,,,37.881911,-122.308246,4.0,1.0,6000.0,80.0,W,,12.1,,356.0
16064208,GGHB,151104.0,2015-11-04 08:11:00,1183-Trfc Collision-Unkn Inj,Sr24 W / Broadway Onr,Oakland,,,37.84725,-122.246,4.0,1.0,53000.0,24.0,W,,2.2,,48.0
16088911,GGHB,151116.0,2015-11-16 08:12:00,1125-Traffic Hazard,I580 W / I580 W Sr24 E Con,Oakland,,,37.823444,-122.263892,4.0,1.0,53000.0,580.0,W,,61.0,,61.0
16093149,GGHB,151118.0,2015-11-18 08:28:00,1125-Traffic Hazard,I80 W / Sfobb Toll Plaza Ofr,Oakland,,,37.825388,-122.304799,4.0,1.0,53000.0,80.0,W,,7.8,,45.0
16103190,GGHB,151123.0,2015-11-23 08:29:00,1125-Traffic Hazard,I680 S / N Main St Ofr,Contra Costa,,,37.920636,-122.062281,4.0,13.0,83346.0,680.0,S,,47.508,,45.0
16107630,GGHB,151125.0,2015-11-25 08:04:00,1183-Trfc Collision-Unkn Inj,I880 N / DAVIS ST OFR,Hayward,,,37.715206,-122.172632,4.0,1.0,68084.0,880.0,N,,33.5,,49.0
18079164,GGHB,180710.0,2018-07-10 07:45:00,1182-Trfc Collision-No Inj,Sr24 W / Pleasant Hill Rd Ofr,Contra Costa,,,37.898073,-122.09004,4.0,13.0,39122.0,24.0,W,R8.052,12.4,,53.0
18094652,GGHB,180717.0,2018-07-17 08:40:00,1183-Trfc Collision-Unkn Inj,I680 S / Sr242 S I680 S Con,Contra Costa,,,37.953265,-122.05476,4.0,13.0,57764.0,680.0,S,R18.268,49.822,,68.0
17238187,GGHB,170602.0,2017-06-02 07:38:00,1183-Trfc Collision-Unkn Inj,I80 W / I80 W Sr13 S Con,Oakland,,,37.852533,-122.29986,4.0,1.0,6000.0,80.0,W,4.79,10.1,,75.0
17246704,GGHB,170606.0,2017-06-06 08:23:00,1183-Trfc Collision-Unkn Inj,I580 W / I580 W Sr13 N Con,Oakland,,,37.780935,-122.173268,4.0,1.0,53000.0,580.0,W,R39.086,55.0,,53.0
17246717,GGHB,170606.0,2017-06-06 08:25:00,1183-Trfc Collision-Unkn Inj,I580 W / I580 W Sr13 N Con,Oakland FSP,,,37.780935,-122.173268,4.0,1.0,53000.0,580.0,W,R39.086,55.0,,61.0
17266081,GGHB,170615.0,2017-06-15 08:08:00,1182-Trfc Collision-No Inj,I80 W / Powell St Ofr,Oakland FSP,,,37.842598,-122.297583,4.0,1.0,22594.0,80.0,W,4.09,9.4,,191.0
14625936,GGHB,140114.0,2014-01-14 08:14:00,1183-Trfc Collision-Unkn Inj,I80 W Gilman St Ofr / Gilman St,Oakland,,,37.878019,-122.307967,4.0,1.0,6000.0,80.0,W,,12.0,,77.0
14628089,GGHB,140115.0,2014-01-15 08:15:00,1182-Trfc Collision-No Inj,Us101 S Portrero Ave Ofr / Potrero Ave,GG,,,37.74985,-122.405494,4.0,75.0,67000.0,101.0,S,,431.3,,55.0
14640693,GGHB,140121.0,2014-01-21 08:31:00,1125-Traffic Hazard,Sr4 W / Sr4 W Somersville Rd Ofr,Contra Costa,,,38.003628,-121.836304,4.0,13.0,2252.0,4.0,W,,25.9,,69.0
14643533,GGHB,140122.0,2014-01-22 08:03:00,1125-Traffic Hazard,I580 W / I580 W Grand Ave Ofr,Oakland,,,37.8106,-122.248775,4.0,1.0,53000.0,580.0,W,,59.7,,67.0
15822443,GGHB,150709.0,2015-07-09 08:10:00,1183-Trfc Collision-Unkn Inj,I580 W / I580 W Benedict Dr N Onr,Castro Valley,,,37.733252,-122.139335,4.0,1.0,53000.0,580.0,W,,50.8,,232.0
15841101,GGHB,150718.0,2015-07-18 08:21:00,1183-Trfc Collision-Unkn Inj,I880 N / I880 N 98th Ave E Onr,Oakland,,,37.73255,-122.189129,4.0,1.0,53000.0,880.0,N,,35.0,,251.0
15845327,GGHB,150720.0,2015-07-20 08:07:00,1125-Traffic Hazard,I580 W / I580 W REDWOOD RD OFR,Hayward FSP,,,37.691012,-122.071062,4.0,1.0,,580.0,W,,45.4,,68.0
16869865,GGHB,161209.0,2016-12-09 07:26:00,1125-Traffic Hazard,I580 W / San Ramon Rd Ofr,Dublin,,,37.699601,-121.929534,4.0,1.0,57792.0,580.0,W,R21.268,37.3,,37.0
16880073,GGHB,161214.0,2016-12-14 07:23:00,1182-Trfc Collision-No Inj,I880 N / High St Ofr,Oakland,,,37.76333,-122.216187,4.0,1.0,53000.0,880.0,N,27.373,37.6,,32.0
16890234,GGHB,161218.0,2016-12-18 08:29:00,ANIMAL-Live or Dead Animal,I580 W / 150th Ave Onr,Castro Valley,,,37.711573,-122.127391,4.0,1.0,68084.0,580.0,W,R33.186,49.1,,105.0
16891966,GGHB,161219.0,2016-12-19 07:33:00,1179-Trfc Collision-1141 Enrt,Sr242 S I680 S Con / Gregory Ln Ofr,Contra Costa,,,37.956956,-122.053305,4.0,13.0,16000.0,242.0,S,L0.2,0.2,,167.0
15700308,GGHB,150508.0,2015-05-08 07:30:00,1179-Trfc Collision-1141 Enrt,Sr4 W / Sr4 W Bailey Rd N Ofr,Contra Costa FSP,,,38.019101,-121.937152,4.0,13.0,,4.0,W,,20.036,,61.0
15700309,GGHB,150508.0,2015-05-08 07:28:00,1179-Trfc Collision-1141 Enrt,Sr4 W / Sr4 W Bailey Rd N Ofr,Contra Costa,,,38.019101,-121.937152,4.0,13.0,,4.0,W,,20.036,,112.0
15934437,GGHB,150901.0,2015-09-01 08:53:00,1182-Trfc Collision-No Inj,I580 W / I580 W Redwood Rd Ofr,Hayward FSP,,,37.691012,-122.071062,4.0,1.0,,580.0,W,,45.4,,112.0
15938661,GGHB,150903.0,2015-09-03 07:56:00,1125-Traffic Hazard,I580 W / I580 W Harrison St Ofr,Oakland FSP,,,37.815854,-122.251271,4.0,1.0,53000.0,580.0,W,,60.1,,199.0
15946959,GGHB,150908.0,2015-09-08 07:16:00,CFIRE-Car Fire,Us101 S Cesar Chavez St Ofr / Cesar Chavez,San Francisco,,,37.749306,-122.404305,4.0,75.0,67000.0,101.0,S,,431.3,,38.0
15951755,GGHB,150910.0,2015-09-10 08:31:00,1182-Trfc Collision-No Inj,0 Us101 S Cesar Chavez St Ofr,San Francisco,,,37.751509,-122.403308,4.0,75.0,67000.0,101.0,S,,431.5,,204.0
15978896,GGHB,150923.0,2015-09-23 08:13:00,1125-Traffic Hazard,I880 N / I980,Oakland,,,37.799045,-122.276034,4.0,1.0,53000.0,880.0,N,,41.9,,91.0
15983206,GGHB,150925.0,2015-09-25 08:10:00,1179-Trfc Collision-1141 Enrt,Sr4 W / Sr4 W Bailey Rd N Ofr,Contra Costa FSP,,,38.019101,-121.937152,4.0,13.0,,4.0,W,,20.036,,37.0
15983207,GGHB,150925.0,2015-09-25 08:09:00,1179-Trfc Collision-1141 Enrt,Sr4 W / Sr4 W Bailey Rd N Ofr,Contra Costa,,,38.019101,-121.937152,4.0,13.0,,4.0,W,,20.036,,61.0
15989120,GGHB,150928.0,2015-09-28 07:28:00,1183-Trfc Collision-Unkn Inj,I580 W / I680 N I580 W Con,Dublin,,,37.700464,-121.92564,4.0,1.0,57792.0,580.0,W,,37.1,,96.0
16764514,GGHB,161020.0,2016-10-20 08:05:00,1183-Trfc Collision-Unkn Inj,I880 N / 29th Ave Onr,Oakland FSP,,,37.776622,-122.235948,4.0,1.0,53000.0,880.0,N,28.873,39.1,,52.0
16768914,GGHB,161022.0,2016-10-22 08:01:00,1179-Trfc Collision-1141 Enrt,I880 N / 23rd Ave Onr,Oakland,,,37.78143,-122.238637,4.0,1.0,53000.0,880.0,N,29.273,39.5,,83.0
16779414,GGHB,161027.0,2016-10-27 08:29:00,1125-Traffic Hazard,0 I80 W,San Francisco,,,37.823997,-122.316876,4.0,1.0,53000.0,80.0,W,1.79,7.1,,72.0
18608389,GGHB,190314.0,2019-03-14 08:24:00,20002-Hit and Run No Injuries,I80 W / Gilman St Ofr,Oakland FSP,,,37.881911,-122.308246,4.0,1.0,6000.0,80.0,W,6.79,12.1,,54.0
18610643,GGHB,190315.0,2019-03-15 08:13:00,1179-Trfc Collision-1141 Enrt,I80 W / Sr13 I80 W Con,Oakland,,,37.844546,-122.297993,4.0,1.0,22594.0,80.0,W,4.29,9.6,,56.0
18618837,GGHB,190319.0,2019-03-19 07:31:00,1125-Traffic Hazard,I580 W / Fairmont Dr Ofr,Castro Valley,,,37.706039,-122.118195,4.0,1.0,,580.0,W,R32.586,48.5,,426.0
18618890,GGHB,190319.0,2019-03-19 08:03:00,1179-Trfc Collision-1141 Enrt,Sr4 W / Loveridge Rd Ofr,Contra Costa FSP,,,38.011402,-121.864671,4.0,13.0,57456.0,4.0,W,24.434,24.061,,32.0
18623184,GGHB,190321.0,2019-03-21 07:48:00,1183-Trfc Collision-Unkn Inj,Sr24 W / Camino Pablo Onr,Contra Costa FSP,,,37.875588,-122.187732,4.0,13.0,54232.0,24.0,W,R2.052,6.4,,40.0
18625448,GGHB,190322.0,2019-03-22 08:12:00,1183-Trfc Collision-Unkn Inj,Sr4 W / Port Chicago Hwy Ofr,Contra Costa,,,38.010708,-122.017546,4.0,13.0,16000.0,4.0,W,R15.75,15.413,,258.0
17128575,GGHB,170410.0,2017-04-10 08:19:00,1125-Traffic Hazard,College Ave Ofr / Sr24 W,Oakland,,,37.849184,-122.242346,4.0,1.0,53000.0,24.0,W,R4.347,2.5,,52.0
17130421,GGHB,170411.0,2017-04-11 07:36:00,1179-Trfc Collision-1141 Enrt,Sr4 W / Loveridge Rd Onr,Contra Costa,,,38.012924,-121.871506,4.0,13.0,57456.0,4.0,W,24.048,23.665,,77.0
17130431,GGHB,170411.0,2017-04-11 07:41:00,1179-Trfc Collision-1141 Enrt,Sr4 W / Loveridge Rd Onr,Contra Costa FSP,,,38.012924,-121.871506,4.0,13.0,57456.0,4.0,W,24.048,23.665,,39.0
17152913,GGHB,170422.0,2017-04-22 07:47:00,1179-Trfc Collision-1141 Enrt,I880 N / 5th Ave Ofr,Oakland,,,37.789339,-122.254281,4.0,1.0,53000.0,880.0,N,30.273,40.5,,92.0
17953098,GGHB,180511.0,2018-05-11 08:59:00,1179-Trfc Collision-1141 Enrt,Sr4 W / San Marco Blvd Ofr,Contra Costa,,,38.022038,-121.960192,4.0,13.0,,4.0,W,R19.062,18.744,,93.0
18217240,GGHB,180912.0,2018-09-12 07:36:00,1179-Trfc Collision-1141 Enrt,I80 W / Treasure Island Onr,San Francisco,,,37.808318,-122.367026,4.0,75.0,67000.0,80.0,W,7.64,4.1,,213.0
18217431,GGHB,180912.0,2018-09-12 08:59:00,1179-Trfc Collision-1141 Enrt,Sr24 W / Camino Pablo Ofr,Contra Costa,,,37.88436,-122.179679,4.0,13.0,54232.0,24.0,W,R2.752,7.1,,109.0
18219449,GGHB,180913.0,2018-09-13 08:35:00,1182-Trfc Collision-No Inj,I880 N / 23rd Ave Ofr,Oakland FSP,,,37.7768,-122.236139,4.0,1.0,53000.0,880.0,N,28.873,39.1,,48.0
18221670,GGHB,180914.0,2018-09-14 08:12:00,1183-Trfc Collision-Unkn Inj,I880 N / Washington Ave Ofr,Hayward FSP,,,37.689197,-122.135642,4.0,1.0,68084.0,880.0,N,20.573,30.8,,42.0
18221671,GGHB,180914.0,2018-09-14 08:11:00,1183-Trfc Collision-Unkn Inj,I880 N / Washington Ave Ofr,Hayward,,,37.689197,-122.135642,4.0,1.0,68084.0,880.0,N,20.573,30.8,,401.0
18232513,GGHB,180919.0,2018-09-19 08:23:00,1125-Traffic Hazard,I580 W / I580 W Sr24 E Con,GGFSP,,,37.823382,-122.263913,4.0,1.0,53000.0,580.0,W,45.067,61.0,,46.0
18232528,GGHB,180919.0,2018-09-19 08:26:00,1182-Trfc Collision-No Inj,0 I580 W Sr24 E Con,GGFSP,,,37.825275,-122.267176,4.0,1.0,53000.0,580.0,W,45.267,61.2,,54.0
18234748,GGHB,180920.0,2018-09-20 08:22:00,1179-Trfc Collision-1141 Enrt,I580 W / Dougherty Rd N Onr,Hayward FSP,,,37.701903,-121.909282,4.0,1.0,57792.0,580.0,W,20.168,36.2,,54.0
17392509,GGHB,170812.0,2017-08-12 08:14:00,1125-Traffic Hazard,Sr4 W / Railroad Ave Onr,Contra Costa,,,38.018567,-121.895066,4.0,13.0,,4.0,W,22.743,22.348,,108.0
17396259,GGHB,170814.0,2017-08-14 08:12:00,1183-Trfc Collision-Unkn Inj,I80 W / Maritime St Ofr,Oakland,,,37.825643,-122.304094,4.0,1.0,53000.0,80.0,W,2.59,7.9,,157.0
17400574,GGHB,170816.0,2017-08-16 08:48:00,1179-Trfc Collision-1141 Enrt,I80 W / Carlson Blvd Onr,Oakland,,,37.907481,-122.315399,4.0,13.0,60620.0,80.0,W,0.754,14.1,,75.0
17402710,GGHB,170817.0,2017-08-17 08:32:00,1183-Trfc Collision-Unkn Inj,I80 W / Gilman St Ofr,Oakland FSP,,,37.881911,-122.308246,4.0,1.0,6000.0,80.0,W,6.79,12.1,,36.0
17402713,GGHB,170817.0,2017-08-17 08:28:00,1125A-Animal Hazard,Sr24 W / Telegraph Ave Ofr,Oakland,,,37.843503,-122.254967,4.0,1.0,53000.0,24.0,W,R3.547,1.7,,43.0
17415260,GGHB,170823.0,2017-08-23 07:19:00,1179-Trfc Collision-1141 Enrt,Sr4 W / Bailey Rd N Ofr,Contra Costa,,,38.019101,-121.937152,4.0,13.0,,4.0,W,R20.379,20.036,,73.0
17417599,GGHB,170824.0,2017-08-24 08:24:00,1179-Trfc Collision-1141 Enrt,I580 W / Eden Canyon Rd Onr,Castro Valley,,,37.701118,-122.026103,4.0,1.0,,580.0,W,R26.668,42.7,,51.0
17417640,GGHB,170824.0,2017-08-24 08:48:00,1182-Trfc Collision-No Inj,I580 W / Eden Canyon Rd Onr,Hayward FSP,,,37.701118,-122.026103,4.0,1.0,,580.0,W,R26.668,42.7,,61.0
17419688,GGHB,170825.0,2017-08-25 07:15:00,CZP-Assist with Construction,0 I580 W,Oakland,,,37.763996,-122.150377,4.0,1.0,53000.0,580.0,W,R37.286,53.2,,427.0
17428144,GGHB,170829.0,2017-08-29 07:09:00,1179-Trfc Collision-1141 Enrt,Sr4 W / Bailey Rd N Ofr,Contra Costa,,,38.019101,-121.937152,4.0,13.0,,4.0,W,R20.379,20.036,,55.0
17430485,GGHB,170830.0,2017-08-30 07:43:00,20002-Hit and Run No Injuries,I80 W / University Ave Ofr,Oakland,,,37.869523,-122.304749,4.0,1.0,6000.0,80.0,W,5.99,11.3,,138.0
17432823,GGHB,170831.0,2017-08-31 07:55:00,1125-Traffic Hazard,I580 W / Seminary Ave Ofr,Oakland FSP,,,37.779317,-122.170148,4.0,1.0,53000.0,580.0,W,R38.886,54.8,,37.0
14759651,GGHB,140303.0,2014-03-03 08:02:00,1182-Trfc Collision-No Inj,I80 W / Tp,San Francisco,,,37.824289,-122.313853,4.0,1.0,53000.0,80.0,W,,7.3,,76.0
14785304,GGHB,140311.0,2014-03-11 08:42:00,1166-Defective Traffic Signals,I580 W Dougherty Rd N Onr / I580 W,Dublin,,,37.701903,-121.909282,4.0,1.0,57792.0,580.0,W,,36.2,,79.0
14787184,GGHB,140312.0,2014-03-12 08:24:00,1179-Trfc Collision-1141 Enrt,Sr4 W / Sr4 W San Marco Blvd N Onr,Contra Costa,,,38.023255,-121.966585,4.0,13.0,,4.0,W,,18.5,,201.0
14788929,GGHB,140313.0,2014-03-13 07:54:00,1179-Trfc Collision-1141 Enrt,I880 N / I880 N Lewelling Blvd Onr,Hayward,,,37.688328,-122.134397,4.0,1.0,68084.0,880.0,N,,30.7,,35.0
16954121,GGHB,170118.0,2017-01-18 07:06:00,1183-Trfc Collision-Unkn Inj,I80 W / Treasure Island Onr,San Francisco,,,37.808318,-122.367026,4.0,75.0,67000.0,80.0,W,7.64,4.1,,57.0
15046251,GGHB,140601.0,2014-06-01 07:07:00,ANIMAL-Live or Dead Animal,Sr24 W Upper Happy Valley Ofr / Unnamed Street,Contra Costa,,,37.89311,-122.155705,4.0,13.0,54232.0,24.0,W,,8.7,,88.0
15090806,GGHB,140624.0,2014-06-24 07:12:00,1183-Trfc Collision-Unkn Inj,Sr4 W / Sr4 W Railroad Ave Onr,Contra Costa FSP,,,38.018567,-121.895066,4.0,13.0,,4.0,W,,22.5,,86.0
16140529,GGHB,151214.0,2015-12-14 08:31:00,1179-Trfc Collision-1141 Enrt,Sr24 W / Old Tunnel Rd Ofr,Oakland,,,37.854472,-122.219756,4.0,1.0,53000.0,24.0,W,,4.0,,45.0
16140530,GGHB,151214.0,2015-12-14 08:29:00,1179-Trfc Collision-1141 Enrt,I580 W / Grand Ave Ofr,Oakland,,,37.8106,-122.248775,4.0,1.0,53000.0,580.0,W,,59.7,,195.0
16554184,GGHB,160714.0,2016-07-14 08:14:00,1183-Trfc Collision-Unkn Inj,Sr4 W / Bailey Rd N Ofr,Contra Costa,,,38.019101,-121.937152,4.0,13.0,,4.0,W,R20.379,20.036,,74.0
16579721,GGHB,160726.0,2016-07-26 07:22:00,1179-Trfc Collision-1141 Enrt,Sr4 W / Bailey Rd N Ofr,Contra Costa,,,38.019101,-121.937152,4.0,13.0,,4.0,W,R20.379,20.036,,229.0
18776246,GGHB,190603.0,2019-06-03 08:06:00,1179-Trfc Collision-1141 Enrt,I80 W / Cutting Blvd Hov Ofr,Oakland FSP,,,37.927978,-122.32287,4.0,13.0,60620.0,80.0,W,2.254,15.6,,49.0
18798901,GGHB,190613.0,2019-06-13 08:38:00,1182-Trfc Collision-No Inj,I80 W / Tp,Oakland,,,37.824861,-122.313611,4.0,1.0,53000.0,80.0,W,1.99,7.3,,41.0
18809427,GGHB,190618.0,2019-06-18 07:12:00,1179-Trfc Collision-1141 Enrt,I80 W / Treasure Island Onr,San Francisco,,,37.808318,-122.367026,4.0,75.0,67000.0,80.0,W,7.64,4.1,,173.0
18811693,GGHB,190619.0,2019-06-19 07:28:00,1179-Trfc Collision-1141 Enrt,I580 W / San Ramon Rd Ofr,Dublin,,,37.699601,-121.929534,4.0,1.0,57792.0,580.0,W,R21.268,37.3,,79.0
18818338,GGHB,190622.0,2019-06-22 07:54:00,1179-Trfc Collision-1141 Enrt,Sr24 W / Pleasant Hill Rd Ofr,Contra Costa,,,37.898073,-122.09004,4.0,13.0,39122.0,24.0,W,R8.052,12.4,,69.0
18826499,GGHB,190626.0,2019-06-26 08:46:00,1182-Trfc Collision-No Inj,I80 W / University Ave Ofr,Oakland,,,37.869523,-122.304749,4.0,1.0,6000.0,80.0,W,5.99,11.3,,35.0
15532176,GGHB,150208.0,2015-02-08 08:50:00,1183-Trfc Collision-Unkn Inj,I80 W / I80 W University Ave Ofr,Oakland,,,37.869523,-122.304749,4.0,1.0,6000.0,80.0,W,,11.3,,99.0
15541860,GGHB,150213.0,2015-02-13 07:45:00,1183-Trfc Collision-Unkn Inj,I880 N Hesperian Blvd Ofr / Hesperian Blvd,Hayward,,,37.685514,-122.129853,4.0,1.0,,880.0,N,,30.4,,65.0
15550829,GGHB,150218.0,2015-02-18 08:52:00,1183-Trfc Collision-Unkn Inj,I680 S / I680 S Monument Blvd Onr,Contra Costa,,,37.941056,-122.060183,4.0,13.0,57764.0,680.0,S,,48.913,,128.0
15561967,GGHB,150224.0,2015-02-24 07:55:00,1183-Trfc Collision-Unkn Inj,I80 W / I80 W Sr13 S Con,Oakland,,,37.852533,-122.29986,4.0,1.0,6000.0,80.0,W,,10.1,,41.0
16035193,GGHB,151020.0,2015-10-20 07:04:00,1179-Trfc Collision-1141 Enrt,I880 N / I238,Hayward FSP,,,37.688883,-122.135036,4.0,1.0,68084.0,880.0,N,,30.8,,39.0
16659073,GGHB,160901.0,2016-09-01 07:57:00,1125-Traffic Hazard,I580 W / Dougherty Rd Ofr,Dublin,,,37.701821,-121.901475,4.0,1.0,57792.0,580.0,W,19.668,35.7,,106.0
16685291,GGHB,160914.0,2016-09-14 07:01:00,1179-Trfc Collision-1141 Enrt,I80 W / Treasure Island Onr,San Francisco,,,37.808318,-122.367026,4.0,75.0,67000.0,80.0,W,7.64,4.1,,36.0
16703022,GGHB,160922.0,2016-09-22 08:12:00,1125-Traffic Hazard,I880 N / High St Ofr,Oakland,,,37.76333,-122.216187,4.0,1.0,53000.0,880.0,N,27.373,37.6,,336.0
16716412,GGHB,160928.0,2016-09-28 07:58:00,1181-Trfc Collision-Minor Inj,Us101 S / Cesar Chavez St Ofr,San Francisco FSP,,,37.752501,-122.402997,4.0,75.0,67000.0,101.0,S,3.269,431.6,,50.0
16716470,GGHB,160928.0,2016-09-28 08:19:00,1179-Trfc Collision-1141 Enrt,I880 N / 29th Ave Onr,Oakland FSP,,,37.776622,-122.235948,4.0,1.0,53000.0,880.0,N,28.873,39.1,,31.0
16716472,GGHB,160928.0,2016-09-28 08:17:00,1179-Trfc Collision-1141 Enrt,I880 N / 29th Ave Onr,Oakland,,,37.776622,-122.235948,4.0,1.0,53000.0,880.0,N,28.873,39.1,,102.0
16718738,GGHB,160929.0,2016-09-29 07:20:00,1182-Trfc Collision-No Inj,I80 W / Tp,Oakland,,,37.823778,-122.316875,4.0,1.0,53000.0,80.0,W,1.79,7.1,,70.0
18654217,GGHB,190405.0,2019-04-05 08:20:00,1125-Traffic Hazard,I580 W / Golf Links Rd Onr,Oakland FSP,,,37.756224,-122.148645,4.0,1.0,53000.0,580.0,W,R36.686,52.6,,34.0
18671039,GGHB,190413.0,2019-04-13 08:28:00,1125-Traffic Hazard,Sr4 W / Willow Pass Rd Onr,Contra Costa,,,38.013095,-122.001843,4.0,13.0,16000.0,4.0,W,R16.598,16.263,,69.0
18674532,GGHB,190415.0,2019-04-15 07:31:00,1179-Trfc Collision-1141 Enrt,I80 W / Fremont St Ofr,San Francisco,,,37.78699,-122.389859,4.0,75.0,67000.0,80.0,W,5.74,2.2,,61.0
18680762,GGHB,190418.0,2019-04-18 07:31:00,1179-Trfc Collision-1141 Enrt,Sr4 W / Harbor St Ofr,Contra Costa,,,38.013977,-121.876289,4.0,13.0,57456.0,4.0,W,23.753,23.37,,398.0
18680772,GGHB,190418.0,2019-04-18 07:34:00,1179-Trfc Collision-1141 Enrt,Sr4 W / Harbor St Ofr,Contra Costa FSP,,,38.013977,-121.876289,4.0,13.0,57456.0,4.0,W,23.753,23.37,,48.0
18683079,GGHB,190419.0,2019-04-19 08:00:00,1183-Trfc Collision-Unkn Inj,I880 N / 29th Ave Onr,Oakland,,,37.776622,-122.235948,4.0,1.0,53000.0,880.0,N,28.873,39.1,,100.0
18695432,GGHB,190425.0,2019-04-25 07:49:00,1183-Trfc Collision-Unkn Inj,Sr4 W / Willow Pass Rd Onr,Contra Costa,,,38.013095,-122.001843,4.0,13.0,16000.0,4.0,W,R16.598,16.263,,87.0
18701744,GGHB,190428.0,2019-04-28 07:28:00,1183-Trfc Collision-Unkn Inj,Us101 S / Cesar Chavez St Ofr,San Francisco,,,37.752501,-122.402997,4.0,75.0,67000.0,101.0,S,3.269,431.6,,52.0
17073043,GGHB,170314.0,2017-03-14 07:12:00,1182-Trfc Collision-No Inj,Sr4 W / San Marco Blvd Ofr,Contra Costa FSP,,,38.022038,-121.960192,4.0,13.0,,4.0,W,R19.062,18.744,,315.0
17087176,GGHB,170321.0,2017-03-21 07:43:00,1182-Trfc Collision-No Inj,Sr4 W / Willow Pass Rd Ofr,Contra Costa FSP,,,38.017386,-121.990427,4.0,13.0,,4.0,W,R17.274,16.962,,105.0
17099378,GGHB,170327.0,2017-03-27 08:53:00,1183-Trfc Collision-Unkn Inj,I80 W / Cutting Blvd Ofr,Oakland,,,37.927978,-122.32287,4.0,13.0,60620.0,80.0,W,2.254,15.6,,40.0
17757555,GGHB,180204.0,2018-02-04 07:00:00,1183-Trfc Collision-Unkn Inj,I580 W / Lakeshore Ave Ofr,Oakland,,,37.808361,-122.241497,4.0,1.0,53000.0,580.0,W,43.367,59.3,,47.0
17761465,GGHB,180206.0,2018-02-06 08:47:00,1182-Trfc Collision-No Inj,I880 N / Marina Blvd E Ofr,Hayward FSP,,,37.708549,-122.163662,4.0,1.0,68084.0,880.0,N,22.673,32.9,,42.0
17761466,GGHB,180206.0,2018-02-06 08:46:00,1183-Trfc Collision-Unkn Inj,I880 N / Washington Ave Ofr,Hayward,,,37.689197,-122.135642,4.0,1.0,68084.0,880.0,N,20.573,30.8,,96.0
17789081,GGHB,180220.0,2018-02-20 08:40:00,1179-Trfc Collision-1141 Enrt,I280 S / Geneva Ave Onr,San Francisco,,,37.719141,-122.448457,4.0,75.0,67000.0,280.0,S,R1.527,51.5,,74.0
17566873,GGHB,171101.0,2017-11-01 07:35:00,1182-Trfc Collision-No Inj,I80 W / Gilman St Ofr,Oakland FSP,,,37.881911,-122.308246,4.0,1.0,6000.0,80.0,W,6.79,12.1,,46.0
17569091,GGHB,171102.0,2017-11-02 07:50:00,1182-Trfc Collision-No Inj,Us101 S / Cesar Chavez St Ofr,San Francisco FSP,,,37.752501,-122.402997,4.0,75.0,67000.0,101.0,S,3.269,431.6,,56.0
17586330,GGHB,171110.0,2017-11-10 07:59:00,1179-Trfc Collision-1141 Enrt,I80 W / Gilman St Ofr,Oakland,,,37.881911,-122.308246,4.0,1.0,6000.0,80.0,W,6.79,12.1,,44.0
17594084,GGHB,171114.0,2017-11-14 08:01:00,1179-Trfc Collision-1141 Enrt,Sr4 W / Loveridge Rd Ofr,Contra Costa,,,38.011887,-121.867171,4.0,13.0,57456.0,4.0,W,24.307,23.924,,325.0
17601351,GGHB,171117.0,2017-11-17 08:16:00,1179-Trfc Collision-1141 Enrt,I80 W / Central Ave Ofr,Oakland,,,37.903864,-122.312909,4.0,13.0,60620.0,80.0,W,0.454,13.8,,55.0
17609451,GGHB,171121.0,2017-11-21 07:57:00,1181-Trfc Collision-Minor Inj,I80 W / Barrett Ave Onr,Oakland FSP,,,37.93162,-122.325372,4.0,13.0,60620.0,80.0,W,2.554,15.9,,32.0
17609452,GGHB,171121.0,2017-11-21 07:54:00,1179-Trfc Collision-1141 Enrt,I80 W / Carlson Blvd Ofr,Oakland,,,37.914584,-122.317505,4.0,13.0,60620.0,80.0,W,1.254,14.6,,68.0
17622960,GGHB,171128.0,2017-11-28 07:44:00,1179-Trfc Collision-1141 Enrt,Sr4 W / Loveridge Rd Ofr,Contra Costa,,,38.011887,-121.867171,4.0,13.0,57456.0,4.0,W,24.307,23.924,,76.0
17622986,GGHB,171128.0,2017-11-28 07:58:00,1183-Trfc Collision-Unkn Inj,Sr4 W / Loveridge Rd Onr,Contra Costa FSP,,,38.012924,-121.871506,4.0,13.0,57456.0,4.0,W,24.048,23.665,,77.0
18260957,GGHB,181002.0,2018-10-02 08:32:00,1183-Trfc Collision-Unkn Inj,Sr4 W / Willow Pass Rd Uc - Cncd,Contra Costa,,,38.014183,-121.996966,4.0,13.0,16000.0,4.0,W,R16.87,16.542,,236.0
18272056,GGHB,181007.0,2018-10-07 08:35:00,1183-Trfc Collision-Unkn Inj,Sr4 W / Willow Pass Rd Onr,Contra Costa,,,38.013095,-122.001843,4.0,13.0,16000.0,4.0,W,R16.598,16.263,,39.0
18278318,GGHB,181010.0,2018-10-10 07:44:00,1179-Trfc Collision-1141 Enrt,I80 W / Sfobb Toll Plaza Ofr,San Francisco,,,37.825388,-122.304799,4.0,1.0,53000.0,80.0,W,2.49,7.8,,91.0
18289339,GGHB,181015.0,2018-10-15 07:55:00,1182-Trfc Collision-No Inj,I80 W / Sr13 I80 W Con,Oakland,,,37.844546,-122.297993,4.0,1.0,22594.0,80.0,W,4.29,9.6,,48.0
18291703,GGHB,181016.0,2018-10-16 08:42:00,1179-Trfc Collision-1141 Enrt,Sr4 W / Harbor St Ofr,Contra Costa FSP,,,38.013977,-121.876289,4.0,13.0,57456.0,4.0,W,23.753,23.37,,44.0
18295901,GGHB,181018.0,2018-10-18 07:39:00,1179-Trfc Collision-1141 Enrt,I580 W / Redwood Rd Ofr,Hayward FSP,,,37.691012,-122.071062,4.0,1.0,,580.0,W,R29.368,45.4,,50.0
18295903,GGHB,181018.0,2018-10-18 07:36:00,1182-Trfc Collision-No Inj,I580 W / I238 N,Hayward FSP,,,37.69072,-122.092358,4.0,1.0,,580.0,W,R30.686,46.6,,53.0
18295916,GGHB,181018.0,2018-10-18 07:41:00,1125-Traffic Hazard,I880 N / Hegenberger Rd Ofr,Oakland FSP,,,37.737337,-122.193328,4.0,1.0,53000.0,880.0,N,25.173,35.4,,50.0
18308841,GGHB,181024.0,2018-10-24 07:57:00,1125-Traffic Hazard,I280 S / Ocean Ave Ofr,San Francisco,,,37.726304,-122.446015,4.0,75.0,67000.0,280.0,S,R2.027,52.0,,81.0
18321836,GGHB,181030.0,2018-10-30 07:30:00,20002-Hit and Run No Injuries,Us101 S / Cesar Chavez St Ofr,San Francisco FSP,,,37.752501,-122.402997,4.0,75.0,67000.0,101.0,S,3.269,431.6,,247.0
15179138,GGHB,140808.0,2014-08-08 07:26:00,1125-Traffic Hazard,I880 N / Broadway,Oakland,,,37.798572,-122.274828,4.0,1.0,53000.0,880.0,N,,41.8,,116.0
15186558,GGHB,140812.0,2014-08-12 07:25:00,1183-Trfc Collision-Unkn Inj,I80 W Cutting Blvd Hov Ofr / Cutting Blvd,Oakland,,,37.925397,-122.320757,4.0,13.0,60620.0,80.0,W,,15.4,,74.0
15214064,GGHB,140826.0,2014-08-26 07:20:00,1183-Trfc Collision-Unkn Inj,Sr24 W / Sr24 W Camino Pablo Ofr,Contra Costa FSP,,,37.88436,-122.179679,4.0,13.0,54232.0,24.0,W,,7.1,,40.0
15214065,GGHB,140826.0,2014-08-26 07:18:00,1179-Trfc Collision-1141 Enrt,Sr24 W / Sr24 W Camino Pablo Ofr,Contra Costa,,,37.88436,-122.179679,4.0,13.0,54232.0,24.0,W,,7.1,,140.0
15220523,GGHB,140829.0,2014-08-29 08:51:00,1182-Trfc Collision-No Inj,I880 N 29th Ave Onr / Unnamed Street,Oakland,,,37.776133,-122.235119,4.0,1.0,53000.0,880.0,N,,39.0,,41.0
19230106,GGHB,191229.0,2019-12-29 07:46:00,1125-Traffic Hazard,I80 W / Treasure Island Onr,San Francisco,,,37.808318,-122.367026,4.0,75.0,67000.0,80.0,W,7.64,4.1,,118.0
15752657,GGHB,150605.0,2015-06-05 08:42:00,1183-Trfc Collision-Unkn Inj,Sr4 W / Sr4 W Bailey Rd Onr,Contra Costa,,,38.019089,-121.946589,4.0,13.0,,4.0,W,,19.521,,54.0
15764922,GGHB,150611.0,2015-06-11 08:55:00,1179-Trfc Collision-1141 Enrt,I80 W / I80 W Treasure Island Onr,San Francisco,,,37.808087,-122.367206,4.0,75.0,67000.0,80.0,W,,4.1,,81.0
15787562,GGHB,150622.0,2015-06-22 08:07:00,1179-Trfc Collision-1141 Enrt,I880 N / I880 N High St Ofr,Oakland,,,37.76333,-122.216187,4.0,1.0,53000.0,880.0,N,,37.6,,36.0
17312087,GGHB,170706.0,2017-07-06 07:54:00,1179-Trfc Collision-1141 Enrt,I680 S / Monument Blvd Ofr,Contra Costa FSP,,,37.945369,-122.058286,4.0,13.0,57764.0,680.0,S,R17.669,49.236,,57.0
17312088,GGHB,170706.0,2017-07-06 07:51:00,1179-Trfc Collision-1141 Enrt,I680 S / Monument Blvd Ofr,Contra Costa,,,37.945369,-122.058286,4.0,13.0,57764.0,680.0,S,R17.669,49.236,,67.0
17325058,GGHB,170712.0,2017-07-12 07:44:00,20002-Hit and Run No Injuries,I580 W / 14TH AVE OFR,Oakland,,,37.800109,-122.224708,4.0,1.0,53000.0,580.0,W,R42.122,58.2,,169.0
17340641,GGHB,170719.0,2017-07-19 08:48:00,1183-Trfc Collision-Unkn Inj,I80 W / Albany Ofr,Oakland FSP,,,37.895221,-122.308233,4.0,1.0,674.0,80.0,W,7.79,13.1,,38.0
17340642,GGHB,170719.0,2017-07-19 08:47:00,1183-Trfc Collision-Unkn Inj,I80 W / GILMAN ST OFR,Oakland,,,37.881911,-122.308246,4.0,1.0,6000.0,80.0,W,6.79,12.1,,55.0
17366430,GGHB,170731.0,2017-07-31 08:54:00,1125-Traffic Hazard,I580 W / Seminary Ave Ofr,Oakland,,,37.779317,-122.170148,4.0,1.0,53000.0,580.0,W,R38.886,54.8,,38.0
18019234,GGHB,180612.0,2018-06-12 07:41:00,1179-Trfc Collision-1141 Enrt,I580 W / Eden Canyon Rd,Dublin,,,37.701477,-122.021132,4.0,1.0,,580.0,W,R26.368,42.4,,32.0
18021598,GGHB,180613.0,2018-06-13 08:33:00,1182-Trfc Collision-No Inj,I880 N / 66th Ave Onr,Hayward FSP,,,37.757649,-122.211208,4.0,1.0,53000.0,880.0,N,26.873,37.1,,120.0
15296535,GGHB,141007.0,2014-10-07 08:01:00,1125-Traffic Hazard,Sr4 W Railroad Ave Onr / Railroad Ave,Contra Costa,,,38.017507,-121.889354,4.0,13.0,57456.0,4.0,W,,22.9,,53.0
15302879,GGHB,141010.0,2014-10-10 07:39:00,1182-Trfc Collision-No Inj,Sr24 W / Sr24 W Pleasant Hill Rd Ofr,Contra Costa,,,37.898073,-122.09004,4.0,13.0,39122.0,24.0,W,,12.4,,32.0
15305111,GGHB,141011.0,2014-10-11 07:48:00,1125-Traffic Hazard,I80 W / I80 W Treasure Island Onr,San Francisco,,,37.808087,-122.367206,4.0,75.0,67000.0,80.0,W,,4.1,,75.0
15318857,GGHB,141018.0,2014-10-18 08:35:00,1183-Trfc Collision-Unkn Inj,I880 N / I880 N Marina Blvd E Ofr,Hayward,,,37.708549,-122.163662,4.0,1.0,68084.0,880.0,N,,32.9,,38.0
15328400,GGHB,141023.0,2014-10-23 08:59:00,1183-Trfc Collision-Unkn Inj,I880 N Davis St Onr / Sr112,Hayward,,,37.720264,-122.173583,4.0,1.0,68084.0,880.0,N,,33.8,,76.0
15342221,GGHB,141030.0,2014-10-30 07:22:00,1179-Trfc Collision-1141 Enrt,Sr24 W / Sr24 W Central Lafayette Ofr,Contra Costa FSP,,,37.895372,-122.113724,4.0,13.0,39122.0,24.0,W,,11.1,,77.0
15342423,GGHB,141030.0,2014-10-30 08:56:00,1182-Trfc Collision-No Inj,I580 W Sr13 N Con / Sr13 N,Oakland,,,37.78707,-122.18017,4.0,1.0,53000.0,580.0,W,,55.4,,164.0
17878530,GGHB,180404.0,2018-04-04 08:36:00,1183-Trfc Collision-Unkn Inj,I80 W / Powell St Ofr,Oakland,,,37.842598,-122.297583,4.0,1.0,22594.0,80.0,W,4.09,9.4,,407.0
17897593,GGHB,180413.0,2018-04-13 08:49:00,1179-Trfc Collision-1141 Enrt,I580 W SR13 N CON / SR13 N,Oakland,,,37.78707,-122.18017,4.0,1.0,53000.0,580.0,W,R39.486,55.4,,124.0
17904420,GGHB,180417.0,2018-04-17 07:16:00,1179-Trfc Collision-1141 Enrt,Sr4 W / San Marco Blvd Ofr,Contra Costa,,,38.022038,-121.960192,4.0,13.0,,4.0,W,R19.062,18.744,,83.0
17914807,GGHB,180422.0,2018-04-22 07:43:00,20002-Hit and Run No Injuries,I80 W / Yerba Buena Island Ofr,San Francisco,,,37.810702,-122.364484,4.0,75.0,67000.0,80.0,W,7.84,4.3,,177.0
17920902,GGHB,180425.0,2018-04-25 08:34:00,1179-Trfc Collision-1141 Enrt,Sr4 W / Loveridge Rd Ofr,Contra Costa,,,38.011887,-121.867171,4.0,13.0,57456.0,4.0,W,24.307,23.924,,68.0
17927357,GGHB,180428.0,2018-04-28 07:26:00,1179-Trfc Collision-1141 Enrt,I880 N / Oak St Ofr,Oakland,,,37.79334,-122.263529,4.0,1.0,53000.0,880.0,N,30.873,41.1,,53.0
17204377,GGHB,170517.0,2017-05-17 07:44:00,1183-Trfc Collision-Unkn Inj,I280 S / Monterey Blvd Ofr,San Francisco,,,37.732235,-122.432073,4.0,75.0,67000.0,280.0,S,R2.927,52.9,,128.0
17219640,GGHB,170524.0,2017-05-24 07:43:00,1182-Trfc Collision-No Inj,Sr4 W / Contra Loma Blvd Onr,Contra Costa FSP,,,38.000411,-121.824573,4.0,13.0,2252.0,4.0,W,26.724,26.353,,59.0
17447670,GGHB,170907.0,2017-09-07 07:15:00,1182-Trfc Collision-No Inj,Sr24 W / Camino Pablo Ofr,Contra Costa,,,37.88436,-122.179679,4.0,13.0,54232.0,24.0,W,R2.752,7.1,,61.0
17456005,GGHB,170911.0,2017-09-11 08:22:00,1183-Trfc Collision-Unkn Inj,Sr4 W / San Marco Blvd Ofr,Contra Costa FSP,,,38.022038,-121.960192,4.0,13.0,,4.0,W,R19.062,18.744,,35.0
17458314,GGHB,170912.0,2017-09-12 08:24:00,1179-Trfc Collision-1141 Enrt,I80 W / University Ave Ofr,Oakland,,,37.869523,-122.304749,4.0,1.0,6000.0,80.0,W,5.99,11.3,,75.0
17460288,GGHB,170913.0,2017-09-13 08:00:00,1182-Trfc Collision-No Inj,I80 W / Fremont St Ofr,San Francisco,,,37.78699,-122.389859,4.0,75.0,67000.0,80.0,W,5.74,2.2,,80.0
17474929,GGHB,170920.0,2017-09-20 08:47:00,1183-Trfc Collision-Unkn Inj,I580 W / Castro Valley Blvd Onr,Castro Valley,,,37.69068,-122.095716,4.0,1.0,,580.0,W,R30.886,46.8,,79.0
17477024,GGHB,170921.0,2017-09-21 07:52:00,20002-Hit and Run No Injuries,I680 S / N Main St Onr,Contra Costa,,,37.913136,-122.067073,4.0,13.0,83346.0,680.0,S,15.394,46.913,,106.0
17487689,GGHB,170926.0,2017-09-26 08:51:00,1182-Trfc Collision-No Inj,SR24 W / SR24 W I580 W CON,Oakland FSP,,,37.83284,-122.266557,4.0,1.0,53000.0,24.0,W,R2.447,0.6,,76.0
17489777,GGHB,170927.0,2017-09-27 07:35:00,1183-Trfc Collision-Unkn Inj,I80 W / Albany Ofr,Oakland FSP,,,37.895221,-122.308233,4.0,1.0,674.0,80.0,W,7.79,13.1,,49.0
17492256,GGHB,170928.0,2017-09-28 08:25:00,1125-Traffic Hazard,University Ave Ofr / I80 W,Oakland,,,37.869523,-122.304749,4.0,1.0,6000.0,80.0,W,5.99,11.3,,115.0
18127152,GGHB,180801.0,2018-08-01 07:11:00,1125-Traffic Hazard,I80 W / Powell St Ofr,Oakland,,,37.834718,-122.294693,4.0,1.0,22594.0,80.0,W,3.49,8.8,,48.0
18131840,GGHB,180803.0,2018-08-03 07:55:00,1179-Trfc Collision-1141 Enrt,I80 W / Fremont St Ofr,San Francisco,,,37.78699,-122.389859,4.0,75.0,67000.0,80.0,W,5.74,2.2,,147.0
18155818,GGHB,180814.0,2018-08-14 08:31:00,1125-Traffic Hazard,I580 W / Fairmont Dr Ofr,Hayward FSP,,,37.706039,-122.118195,4.0,1.0,,580.0,W,R32.586,48.5,,354.0
18188180,GGHB,180829.0,2018-08-29 08:56:00,1125-Traffic Hazard,I80 W / Albany Ofr,Oakland FSP,,,37.895221,-122.308233,4.0,1.0,674.0,80.0,W,7.79,13.1,,44.0
18188181,GGHB,180829.0,2018-08-29 08:55:00,1183-Trfc Collision-Unkn Inj,I580 W / ESTUDILLO AVE OFR,Castro Valley,,,37.72506,-122.137403,4.0,1.0,68084.0,580.0,W,R34.286,50.2,,39.0
18190256,GGHB,180830.0,2018-08-30 07:14:00,1182-Trfc Collision-No Inj,Sr4 W / Bailey Rd N Ofr,Contra Costa,,,38.019101,-121.937152,4.0,13.0,,4.0,W,R20.379,20.036,,84.0
16792576,GGHB,161102.0,2016-11-02 08:46:00,1125-Traffic Hazard,I580 W / Strobridge Ave Ofr,Castro Valley,,,37.69088,-122.084811,4.0,1.0,,580.0,W,30.306,46.2,,104.0
16819333,GGHB,161115.0,2016-11-15 08:40:00,1183-Trfc Collision-Unkn Inj,I580 W / 35th Ave Onr,Oakland,,,37.79423,-122.205552,4.0,1.0,53000.0,580.0,W,R41.022,57.1,,116.0
16281032,GGHB,160301.0,2016-03-01 07:57:00,1182-Trfc Collision-No Inj,Sr242 S I680 S Con / Gregory Ln Ofr,Contra Costa FSP,,,37.956956,-122.053305,4.0,13.0,16000.0,242.0,S,L0.2,0.2,,72.0
16293073,GGHB,160307.0,2016-03-07 08:04:00,1125-Traffic Hazard,Sr242 S / Grant St Ofr,Contra Costa FSP,,,37.992591,-122.039625,4.0,13.0,16000.0,242.0,S,R2.441,2.7,,88.0
16293078,GGHB,160307.0,2016-03-07 07:58:00,1183-Trfc Collision-Unkn Inj,I880 N / Broadway Ofr,Oakland FSP,,,37.795357,-122.266694,4.0,1.0,53000.0,880.0,N,31.073,41.3,,84.0
16293079,GGHB,160307.0,2016-03-07 07:57:00,1179-Trfc Collision-1141 Enrt,I880 N / Broadway Ofr,Oakland,,,37.795357,-122.266694,4.0,1.0,53000.0,880.0,N,31.073,41.3,,45.0
16293080,GGHB,160307.0,2016-03-07 07:56:00,1125-Traffic Hazard,Sr242 S / Grant St Ofr,Contra Costa,,,37.992591,-122.039625,4.0,13.0,16000.0,242.0,S,R2.441,2.7,,78.0
16309422,GGHB,160316.0,2016-03-16 08:55:00,1179-Trfc Collision-1141 Enrt,I80 W / Fremont St Ofr,San Francisco,,,37.78699,-122.389859,4.0,75.0,67000.0,80.0,W,5.74,2.2,,116.0
16320705,GGHB,160322.0,2016-03-22 08:28:00,1182-Trfc Collision-No Inj,I580 W / 14th Ave Ofr,Oakland,,,37.800109,-122.224708,4.0,1.0,53000.0,580.0,W,R42.122,58.2,,100.0
15646702,GGHB,150410.0,2015-04-10 07:33:00,1183-Trfc Collision-Unkn Inj,I80 W / I80 W Sr13 S Con,Oakland FSP,,,37.852533,-122.29986,4.0,1.0,6000.0,80.0,W,,10.1,,41.0
15658311,GGHB,150416.0,2015-04-16 08:39:00,20002-Hit and Run No Injuries,Us101 S Cesar Chavez St Ofr / Cesar Chavez,San Francisco FSP,,,37.749306,-122.404305,4.0,75.0,67000.0,101.0,S,,431.3,,34.0
15672579,GGHB,150424.0,2015-04-24 08:16:00,1179-Trfc Collision-1141 Enrt,I80 W / I80 W Cutting Blvd Hov Ofr,Oakland,,,37.927978,-122.32287,4.0,13.0,60620.0,80.0,W,,15.6,,120.0
15911773,GGHB,150821.0,2015-08-21 08:00:00,1183-Trfc Collision-Unkn Inj,I580 W / Eden Canyon Rd,Hayward FSP,,,37.701477,-122.021132,4.0,1.0,,580.0,W,,42.4,,204.0
15919565,GGHB,150825.0,2015-08-25 08:55:00,1183-Trfc Collision-Unkn Inj,I580 W / I580 W Seminary Ave Ofr,Oakland,,,37.779317,-122.170148,4.0,1.0,53000.0,580.0,W,,54.8,,31.0
15932011,GGHB,150831.0,2015-08-31 07:35:00,1183-Trfc Collision-Unkn Inj,I580 W / I580 W Fairmont Dr Ofr,Castro Valley,,,37.706039,-122.118195,4.0,1.0,,580.0,W,,48.5,,65.0
